,Gender,Married,Dependents,Education,Self_Employed,ApplicantIncome,CoapplicantIncome,LoanAmount,Loan_Amount_Term,Credit_History,Property_Area,Loan_Status
0,1,0,0,1,0,8.674025985443025,0.0,128.0,360.0,1.0,1,1
1,1,1,1,1,0,8.430109084509125,7.319202458767849,128.0,360.0,1.0,3,0
2,1,1,0,1,1,8.006367567650246,0.0,66.0,360.0,1.0,1,1
3,1,1,0,0,0,7.8567067930958405,7.765993079407675,120.0,360.0,1.0,1,1
4,1,0,0,1,0,8.699514748210191,0.0,141.0,360.0,1.0,1,1
5,1,1,1,1,1,8.597297435657898,8.34212526333359,267.0,360.0,1.0,1,1
6,1,1,0,0,0,7.75491027202143,7.324489979348532,95.0,360.0,1.0,1,1
7,1,1,1,1,0,8.01829613851552,7.826044013518965,158.0,360.0,0.0,2,0
8,1,1,1,1,0,8.295548516225763,7.3310603052186325,168.0,360.0,1.0,1,1
9,1,1,1,1,0,9.460398455831275,9.302828391411333,349.0,360.0,1.0,2,0
10,1,1,1,1,0,8.070906088787819,6.55250788703459,70.0,360.0,1.0,1,1
11,1,1,1,1,0,7.824046010856292,7.518064181233078,109.0,360.0,1.0,1,1
12,1,1,1,1,0,8.030409562130485,9.000483164987708,200.0,360.0,1.0,1,1
13,1,0,0,1,0,7.52456122628536,7.951911381854188,114.0,360.0,1.0,3,0
14,1,1,1,1,0,7.1693500166706,6.99117688712121,17.0,120.0,1.0,1,1
15,1,0,0,1,0,8.507142855562735,0.0,125.0,360.0,1.0,1,1
16,1,0,1,0,0,8.18757739559151,0.0,100.0,240.0,1.0,1,1
17,0,0,0,1,0,8.163371316459912,0.0,76.0,360.0,0.0,1,0
18,1,1,0,0,0,8.494333897270154,0.0,133.0,360.0,1.0,3,0
19,1,1,0,1,0,7.8632667240095735,8.160803920954665,115.0,360.0,1.0,1,1
20,1,1,0,0,0,8.943767262734637,0.0,104.0,360.0,0.0,1,0
21,1,1,1,1,0,8.691986481789401,8.635153989049803,315.0,360.0,1.0,1,1
22,1,1,0,0,0,7.8632667240095735,7.555905093611346,116.0,360.0,0.0,2,0
23,1,1,1,0,0,8.121183242078828,7.559038255443384,112.0,360.0,0.0,3,0
24,1,1,1,1,0,8.220672170297252,7.98139158158007,151.0,360.0,1.0,2,0
25,1,1,0,1,1,9.165343006045447,0.0,191.0,360.0,1.0,2,1
26,1,1,0,1,0,7.937017489515454,7.720461694599722,122.0,360.0,1.0,2,1
27,1,1,1,0,0,8.349011198176003,6.947937068614969,110.0,360.0,1.0,1,1
28,1,0,0,0,0,7.273786317844895,0.0,35.0,360.0,1.0,1,0
29,0,0,1,1,0,8.229511118964457,7.642044402873258,120.0,360.0,1.0,2,1
30,1,1,1,1,0,8.334711621820917,8.122668023346407,201.0,360.0,1.0,1,0
31,1,0,0,1,0,8.06054004653864,0.0,74.0,360.0,1.0,1,0
32,1,0,1,1,1,8.453614209773367,0.0,106.0,360.0,1.0,3,0
33,1,1,0,1,0,8.160518247477505,7.419380582918692,114.0,360.0,1.0,2,1
34,1,0,1,1,0,9.433483923290392,8.006700845440367,320.0,360.0,1.0,3,0
35,1,1,0,1,0,7.729735331385051,7.63433723562832,128.0,360.0,1.0,1,1
36,1,1,0,1,0,7.510977752014095,7.193685818395112,100.0,360.0,0.0,1,0
37,0,1,0,1,0,8.207129168071326,7.286191714702382,144.0,360.0,1.0,2,1
38,1,0,0,1,0,8.334711621820917,8.88336291691676,184.0,360.0,1.0,1,1
39,1,0,0,0,0,8.228977643358313,7.419979923661835,110.0,360.0,1.0,2,1
40,1,0,0,1,0,8.1886891244442,0.0,80.0,360.0,1.0,1,0
41,1,0,0,1,0,7.495541943884256,7.101675971619444,47.0,360.0,1.0,1,1
42,1,1,0,1,0,7.783224016336037,0.0,75.0,360.0,1.0,1,1
43,1,1,0,1,0,8.279189777195004,7.756623334538858,134.0,360.0,1.0,2,1
44,1,1,0,0,1,8.454253391642363,0.0,96.0,360.0,1.0,1,1
45,0,0,0,1,0,8.134467570277563,0.0,88.0,360.0,1.0,1,1
46,1,1,1,1,0,8.639233817325263,0.0,44.0,360.0,1.0,1,1
47,1,1,0,1,0,8.669227347271736,0.0,144.0,360.0,1.0,1,1
48,0,1,0,1,0,7.8804263442924,8.14351740579748,120.0,360.0,0.0,1,0
49,0,0,0,1,0,8.294049640102028,7.730174795246222,144.0,360.0,1.0,2,1
50,0,1,0,0,0,7.564238475170491,7.405495663199472,100.0,360.0,1.0,2,1
51,0,0,0,1,0,8.034631032923107,0.0,120.0,360.0,1.0,2,1
52,0,0,0,1,0,8.349957272040324,0.0,112.0,360.0,1.0,2,0
53,1,1,1,1,0,8.437283808187935,0.0,134.0,360.0,1.0,1,0
54,0,1,1,1,1,9.350102314351341,0.0,286.0,360.0,0.0,1,0
55,1,1,1,1,0,7.903965634032166,7.0630481633881725,97.0,360.0,1.0,2,1
56,1,1,0,1,0,7.664815785285735,7.3727463664043285,96.0,360.0,1.0,2,1
57,1,1,0,1,0,8.121480374750751,7.696667081526462,135.0,360.0,1.0,3,0
58,1,1,1,1,0,8.997147151515142,7.719129840906732,180.0,360.0,1.0,1,1
59,1,1,1,0,0,8.118802996980035,7.958576903813898,144.0,360.0,1.0,1,1
60,1,1,0,1,0,7.824046010856292,8.241966560231802,120.0,360.0,1.0,1,1
61,1,1,1,1,0,8.015987811027237,0.0,99.0,360.0,1.0,1,1
62,1,1,0,0,1,7.866722285136729,8.146129510025405,165.0,180.0,0.0,3,0
63,1,1,1,1,0,8.506132244056813,0.0,128.0,360.0,0.0,3,0
64,0,0,0,1,0,8.334711621820917,0.0,116.0,360.0,0.0,2,0
65,1,1,0,1,0,8.65277248565806,8.432941638968646,258.0,360.0,1.0,2,0
66,1,0,0,0,0,8.070906088787819,7.720905251936779,126.0,180.0,0.0,1,0
67,1,1,1,1,0,9.28266103355581,0.0,312.0,360.0,1.0,1,1
68,1,1,1,0,1,8.867850063029406,0.0,125.0,60.0,1.0,1,1
69,0,0,0,1,0,8.366370301681654,0.0,136.0,360.0,0.0,2,0
70,1,1,0,1,0,8.073402968986406,8.028455164114252,172.0,360.0,1.0,1,1
71,1,1,1,0,1,7.536363938404511,7.53689712956617,97.0,360.0,1.0,2,1
72,1,0,0,1,0,8.160518247477505,0.0,81.0,300.0,1.0,2,1
73,1,1,1,0,0,8.46695197497949,0.0,95.0,360.0,0.0,2,0
74,1,1,1,1,1,8.569026340056254,7.4815557019095165,187.0,360.0,1.0,2,1
75,1,0,0,1,0,8.229511118964457,0.0,113.0,480.0,1.0,1,0
76,1,0,0,1,0,8.229511118964457,8.46611040118692,176.0,360.0,1.0,1,0
77,1,1,1,1,1,6.907755278982137,8.014004994779459,110.0,360.0,1.0,1,0
78,1,1,1,1,0,8.06054004653864,8.294299608857235,180.0,300.0,0.0,2,0
79,1,1,1,0,1,8.11162807830774,7.681099001536359,130.0,360.0,1.0,2,1
80,0,0,0,1,0,8.254788926148725,0.0,111.0,360.0,1.0,2,1
81,1,1,1,1,1,7.781138509845015,0.0,128.0,360.0,1.0,2,1
82,0,1,1,1,0,7.228388451573604,7.540090320145325,167.0,360.0,1.0,1,0
83,1,1,0,1,0,8.699514748210191,7.719129840906732,265.0,360.0,1.0,2,0
84,1,1,1,1,0,8.291045131081729,0.0,50.0,240.0,1.0,1,1
85,1,0,0,1,0,7.768956044538332,7.836764783264067,136.0,360.0,1.0,2,1
86,1,1,1,0,0,8.11162807830774,7.601402334583733,99.0,360.0,1.0,2,1
87,1,1,0,1,0,7.824046010856292,7.6586995582682995,104.0,360.0,1.0,2,1
88,1,0,0,1,0,9.055556158175316,0.0,210.0,360.0,1.0,1,1
89,1,1,0,1,0,8.647343875881283,8.335191583433202,175.0,360.0,1.0,2,1
90,1,1,0,1,0,7.992268643270745,7.972810784121404,131.0,360.0,1.0,2,1
91,1,1,1,1,0,8.740336742730447,8.640295388550221,188.0,180.0,1.0,2,1
92,1,1,1,0,0,8.09346227450118,7.507141079727608,81.0,360.0,1.0,1,1
93,1,0,0,1,0,8.326758814511733,0.0,122.0,360.0,1.0,2,1
94,1,0,0,0,0,8.194229304819817,0.0,25.0,120.0,1.0,2,1
95,1,0,0,1,0,8.822027322685583,0.0,128.0,360.0,1.0,1,0
96,0,1,0,1,0,7.81762544305337,7.741967899820685,137.0,360.0,1.0,2,1
97,1,1,0,1,0,7.589335823170617,6.905753276311464,50.0,360.0,1.0,2,1
98,1,1,0,0,0,8.339978571990427,0.0,115.0,180.0,1.0,2,1
99,1,1,0,1,0,7.472500744737558,8.17244681834278,131.0,360.0,1.0,2,1
100,1,1,1,0,0,8.363575702750637,8.090708716083997,133.0,180.0,1.0,1,1
101,1,0,0,1,0,8.48528964240323,8.244596756382498,151.0,360.0,1.0,2,1
102,1,1,0,1,0,9.521494800613105,0.0,128.0,360.0,1.0,1,1
103,1,1,0,1,0,8.445052513638554,8.18423477409482,128.0,360.0,1.0,2,1
104,1,1,0,1,0,8.246958032568177,6.626717749249025,160.0,360.0,1.0,1,1
105,1,1,1,1,0,8.023552392404348,6.93828448401696,100.0,360.0,1.0,1,1
106,1,1,1,1,0,9.342858751676328,7.027314514039777,225.0,360.0,1.0,1,1
107,1,0,0,0,0,8.9001399880938,0.0,120.0,360.0,1.0,3,0
108,1,1,1,1,0,8.242756345714477,8.188966863648876,216.0,360.0,0.0,1,0
109,1,1,1,0,0,7.635786861395585,6.626717749249025,94.0,480.0,1.0,2,1
110,1,0,0,1,0,8.578476419833136,0.0,136.0,360.0,1.0,1,1
111,0,1,0,1,0,7.982416346827733,7.755338812846501,139.0,360.0,1.0,2,1
112,1,1,0,0,0,8.18088094199639,8.32239411311117,152.0,360.0,0.0,3,0
113,0,0,1,1,1,8.916103530553727,0.0,128.0,360.0,1.0,2,1
114,1,0,0,1,0,8.527143522269405,0.0,118.0,360.0,1.0,2,1
115,1,1,1,1,0,9.587611745713565,0.0,185.0,180.0,1.0,3,1
116,0,1,0,1,0,8.06054004653864,7.7336835707759,154.0,360.0,1.0,2,1
117,1,1,1,1,0,7.7025561132685825,7.243512974665482,85.0,360.0,1.0,1,1
118,1,1,0,1,0,8.624791202014256,7.669961995473577,175.0,360.0,1.0,3,0
119,0,0,0,1,0,9.250330020192342,0.0,259.0,360.0,1.0,1,1
120,1,1,0,1,0,8.64241515616962,7.889084407035514,180.0,360.0,1.0,3,1
121,0,0,0,1,0,8.334711621820917,0.0,44.0,360.0,1.0,2,1
122,0,0,0,1,0,7.667158255319148,9.10286651367095,137.0,360.0,0.0,2,1
123,1,1,1,1,0,7.9919305198524775,0.0,81.0,360.0,1.0,2,1
124,1,1,0,0,0,8.366370301681654,7.608374474380783,194.0,360.0,1.0,3,1
125,0,0,0,1,0,8.213923595622743,0.0,93.0,360.0,1.0,3,1
126,1,1,1,1,0,10.077566902136047,0.0,370.0,360.0,1.0,3,1
127,1,0,0,1,0,8.259716961021523,7.403061091090091,128.0,360.0,1.0,3,1
128,1,1,1,1,1,9.26036786557583,8.25608813381491,160.0,180.0,0.0,1,0
129,1,1,0,1,0,8.712759974960212,7.851661177889265,182.0,360.0,1.0,3,0
130,1,0,0,1,1,9.91175329695316,0.0,650.0,480.0,1.0,1,1
131,1,0,0,1,0,7.607878073278507,7.5652752818989315,74.0,360.0,1.0,1,1
132,1,0,0,1,0,7.907651594711089,0.0,70.0,360.0,1.0,2,1
133,1,1,0,1,1,8.148734808937169,0.0,25.0,120.0,1.0,2,1
134,1,0,0,1,0,8.49596955496461,0.0,102.0,360.0,1.0,2,1
135,1,1,1,1,0,8.294049640102028,8.955577146281511,290.0,360.0,1.0,2,0
136,0,1,0,1,0,8.430109084509125,0.0,84.0,360.0,1.0,3,0
137,1,1,1,1,1,8.106514516255185,8.160803920954665,88.0,360.0,1.0,1,1
138,1,0,0,1,0,9.61573881119536,0.0,242.0,360.0,0.0,2,0
139,1,1,1,0,0,8.34283980427146,7.266128779556451,129.0,360.0,1.0,3,0
140,1,1,1,1,0,8.525558107747866,7.642044402873258,185.0,360.0,1.0,3,0
141,1,0,0,1,0,8.597297435657898,0.0,168.0,360.0,1.0,1,1
142,1,0,0,1,1,8.846496938558838,0.0,175.0,180.0,1.0,2,1
143,1,1,0,1,0,7.900266036767701,7.618251097876695,122.0,360.0,1.0,2,1
144,1,1,1,1,0,9.372204086867741,0.0,187.0,180.0,1.0,1,1
145,0,1,0,1,0,7.753623546559746,8.408939605975984,100.0,360.0,1.0,2,1
146,0,1,1,1,0,9.60683200528524,0.0,70.0,360.0,1.0,1,1
147,1,1,1,1,0,7.338238150065589,7.262628600974241,30.0,360.0,1.0,1,1
148,0,0,0,1,0,9.210340371976184,7.418780882750794,225.0,360.0,1.0,3,0
149,1,1,0,1,0,8.48879371689454,6.7226297948554485,125.0,360.0,1.0,2,1
150,1,0,0,1,0,8.744647438317532,0.0,118.0,360.0,0.0,3,0
151,1,1,0,1,1,7.854381210652365,8.229777750081887,152.0,360.0,1.0,3,1
152,1,0,0,1,0,9.123256265069069,0.0,244.0,360.0,1.0,1,0
153,1,1,1,0,0,7.732369222284388,0.0,113.0,360.0,1.0,3,0
154,1,0,0,1,0,8.087640287778983,0.0,50.0,360.0,1.0,1,1
156,1,1,1,1,0,8.699514748210191,0.0,160.0,360.0,1.0,3,1
157,1,1,1,1,0,9.16303909885817,0.0,187.0,360.0,1.0,1,1
158,1,0,0,1,0,7.9996785794994505,7.642044402873258,120.0,360.0,1.0,3,1
159,1,1,0,1,0,8.430109084509125,8.635153989049803,255.0,360.0,1.0,2,1
160,1,1,0,0,0,7.529943370601589,6.948897222313312,98.0,360.0,1.0,2,1
161,1,1,0,1,0,8.978786553302003,0.0,275.0,360.0,1.0,1,0
162,1,1,1,1,0,8.035602692918582,7.155396301896734,121.0,360.0,0.0,2,0
163,1,1,1,1,0,8.334951631422454,7.277938572945661,158.0,360.0,1.0,3,1
164,1,1,0,1,0,9.140239744296693,0.0,75.0,180.0,1.0,1,1
165,1,1,0,1,0,8.217978203150732,8.06054004653864,182.0,360.0,1.0,3,1
166,0,1,0,1,0,8.430109084509125,0.0,112.0,360.0,1.0,3,0
167,1,1,0,1,0,7.79934339821592,8.111928063310739,129.0,360.0,1.0,3,1
168,1,0,0,1,0,7.71289096149013,0.0,63.0,480.0,0.0,2,0
169,1,1,1,1,0,8.987196820661973,0.0,200.0,360.0,1.0,2,1
170,1,1,0,0,0,7.506591780070841,7.478734825567875,95.0,360.0,1.0,3,1
172,1,1,1,0,0,8.166784289056151,0.0,81.0,180.0,1.0,3,0
173,1,1,0,1,0,8.649623978596727,8.635153989049803,187.0,360.0,1.0,2,1
174,1,1,0,0,1,8.37655086161377,6.602587892189336,87.0,360.0,1.0,2,0
175,1,1,0,1,0,8.159660737063376,7.583247524303362,116.0,360.0,1.0,3,1
176,1,1,1,1,0,7.623153068476902,7.3901814282264295,101.0,360.0,1.0,3,1
177,1,1,1,1,0,8.615408238913192,9.332646496360152,495.0,360.0,0.0,2,0
178,1,1,1,1,0,8.229511118964457,0.0,116.0,360.0,1.0,2,1
179,1,0,0,0,0,7.75491027202143,7.280697195384741,102.0,480.0,0.0,1,0
180,1,1,1,1,0,8.764053269347762,8.888894669371593,180.0,360.0,0.0,1,0
181,1,0,0,1,0,7.557994958530806,8.529911963824013,67.0,360.0,1.0,3,0
182,1,1,0,1,0,8.433811582477187,0.0,73.0,180.0,1.0,2,1
184,0,1,0,1,0,8.195609567288775,0.0,108.0,360.0,1.0,2,1
186,1,1,1,1,1,7.686162303492906,0.0,66.0,300.0,0.0,3,0
187,1,1,0,1,0,7.776115477098742,7.668093709082406,58.0,360.0,1.0,3,1
188,1,1,0,1,1,6.513230110912307,8.574895901544526,168.0,360.0,1.0,3,1
189,1,1,0,1,0,9.140775908590273,0.0,188.0,180.0,1.0,3,1
190,1,0,0,0,0,8.493924564476883,0.0,48.0,360.0,1.0,3,1
191,1,0,0,1,0,9.392661928770137,0.0,164.0,360.0,1.0,2,0
192,1,1,0,0,0,8.704999678440762,0.0,160.0,360.0,1.0,1,0
193,1,0,0,1,0,8.257904193465674,0.0,76.0,360.0,1.0,2,1
194,1,0,0,1,0,8.340694647925071,0.0,120.0,360.0,1.0,3,1
195,1,1,1,1,0,8.047189562170502,7.857093864902493,170.0,360.0,1.0,2,0
196,1,0,0,1,0,9.027978814382207,8.229777750081887,187.0,360.0,1.0,3,1
197,0,0,0,0,0,7.553286605600419,7.768956044538332,120.0,360.0,1.0,1,1
198,0,1,0,1,0,8.13622555490846,7.943427767876373,113.0,360.0,1.0,2,1
199,1,0,0,1,1,9.305650551780507,0.0,83.0,360.0,1.0,1,0
200,1,1,1,0,0,7.8632667240095735,7.824445930877619,90.0,360.0,1.0,2,1
201,1,0,1,1,0,8.5016733797582,0.0,166.0,360.0,0.0,2,1
202,1,1,1,0,0,8.292047637431354,0.0,128.0,180.0,1.0,1,0
203,1,1,1,0,0,8.160518247477505,6.988413181999592,135.0,360.0,1.0,1,1
204,1,1,1,0,0,8.27308133366583,0.0,124.0,360.0,1.0,2,1
205,0,0,0,0,0,8.391176350832751,0.0,120.0,360.0,1.0,2,1
206,0,0,0,1,0,8.084562415235304,0.0,80.0,360.0,1.0,1,1
207,1,0,0,0,0,8.287780027088433,7.836764783264067,55.0,360.0,1.0,3,1
208,1,0,0,1,0,7.8156105320351905,0.0,59.0,360.0,1.0,1,1
209,1,0,0,1,0,8.136810863675537,0.0,127.0,360.0,1.0,2,0
210,0,0,0,1,0,9.210340371976184,0.0,214.0,360.0,1.0,2,0
211,1,1,1,1,0,8.140315540159985,7.1316985104669115,128.0,360.0,0.0,2,0
212,1,1,1,1,1,8.960210955576986,0.0,240.0,360.0,1.0,1,1
213,1,1,1,0,1,8.648747631156539,0.0,130.0,360.0,1.0,3,1
214,1,1,0,1,0,8.062432791583195,8.013674142832684,137.0,360.0,1.0,1,1
215,1,1,1,0,0,8.25582842728183,6.891625897052253,100.0,360.0,1.0,2,1
216,1,1,0,1,0,5.0106352940962555,7.496097345175956,135.0,360.0,1.0,3,0
217,1,1,0,1,0,8.223358899479258,7.4821189235521155,131.0,360.0,1.0,2,1
218,1,1,1,1,0,8.517193191416238,0.0,72.0,360.0,0.0,2,0
219,0,1,1,1,0,8.36240897761537,7.776535028185241,127.0,360.0,1.0,2,1
220,1,1,0,1,0,7.7057128238944275,0.0,60.0,360.0,0.0,1,0
221,1,1,1,1,0,8.296297112642508,7.4489161025442,116.0,360.0,1.0,2,1
222,1,0,0,1,0,7.9966538754626075,7.934513463882263,144.0,360.0,1.0,2,1
223,1,1,0,1,0,8.933004591578547,6.918695219020472,175.0,360.0,1.0,2,1
224,1,1,0,1,0,8.740336742730447,0.0,128.0,360.0,1.0,2,1
225,1,1,0,1,0,8.086410275323782,0.0,170.0,360.0,1.0,3,0
226,1,1,0,0,1,8.462737005620179,0.0,138.0,360.0,1.0,1,0
227,1,1,1,1,0,8.740336742730447,7.4360278163518485,210.0,360.0,1.0,2,1
228,1,1,0,1,0,8.467582690862903,0.0,158.0,480.0,1.0,2,1
229,1,0,0,1,1,8.764053269347762,0.0,200.0,360.0,1.0,3,1
230,1,1,1,1,0,7.820439515262181,7.628031126930335,104.0,360.0,1.0,2,1
231,1,1,0,1,0,8.22040309993373,0.0,42.0,180.0,1.0,3,1
232,1,0,0,0,0,8.067462667010057,7.8628820346414905,120.0,360.0,1.0,3,1
233,0,0,0,1,0,9.027978814382207,0.0,280.0,360.0,1.0,2,1
234,1,1,1,1,0,8.056743774975313,7.484368643286131,140.0,360.0,1.0,2,1
235,1,1,1,1,0,8.612503371220562,7.139660335964919,170.0,360.0,1.0,3,1
236,1,1,0,1,0,8.656259239539235,0.0,255.0,360.0,1.0,1,0
237,0,0,0,1,1,8.149890544402423,0.0,122.0,360.0,1.0,1,1
238,0,0,1,1,0,8.245909264774093,0.0,112.0,360.0,1.0,3,1
239,1,1,1,1,0,8.106212902619962,0.0,96.0,360.0,1.0,2,1
240,1,1,1,1,0,8.66888370465667,8.517393171418904,120.0,360.0,1.0,3,1
241,1,1,1,0,0,7.828038032125829,7.592870287844818,140.0,180.0,1.0,1,0
242,1,0,0,1,0,7.994632311431825,8.648572269472618,155.0,60.0,1.0,1,1
243,1,1,1,1,1,8.740336742730447,7.170888478512505,108.0,360.0,1.0,3,1
244,1,1,0,0,0,8.133293861222633,8.393442383980062,123.0,360.0,1.0,2,1
245,1,0,0,1,1,8.707813551024888,8.374246182096304,120.0,180.0,1.0,1,0
246,1,1,1,1,0,9.1801903950253,0.0,112.0,360.0,1.0,1,1
247,1,1,1,0,0,8.796036315200814,0.0,137.0,180.0,1.0,1,1
248,1,1,1,1,0,7.966239776559467,7.519692404116539,123.0,480.0,1.0,2,1
249,1,1,0,1,0,7.500529485395295,7.533158807455563,90.0,360.0,1.0,1,1
250,1,1,0,0,0,7.419380582918692,8.266421472984554,201.0,360.0,0.0,2,0
251,0,0,1,1,0,8.139440521874608,0.0,138.0,360.0,1.0,1,0
252,1,0,0,0,1,7.8567067930958405,7.681560362559537,104.0,360.0,1.0,3,1
253,1,1,1,0,0,7.886457270977689,8.868131713503033,279.0,180.0,1.0,2,1
254,1,0,0,1,1,9.695848187757884,0.0,192.0,360.0,0.0,1,0
255,0,0,1,1,0,8.03365842788615,0.0,255.0,360.0,1.0,3,1
256,1,0,0,0,0,8.706986763048892,0.0,115.0,360.0,0.0,3,0
257,1,1,1,1,0,8.565983355585669,0.0,94.0,360.0,1.0,1,0
258,1,1,0,1,0,9.594445640962938,7.650168700845001,304.0,360.0,1.0,3,0
259,1,1,1,0,0,8.503297086224126,0.0,128.0,360.0,1.0,2,0
260,1,1,1,1,0,8.713253274320705,8.35490952835879,330.0,360.0,1.0,1,1
261,1,0,0,1,0,7.630461261783627,7.700747794511798,134.0,360.0,1.0,2,1
262,0,0,1,1,0,8.15507488781144,0.0,155.0,36.0,1.0,2,0
263,0,0,0,1,0,8.881836305004146,0.0,120.0,360.0,1.0,3,1
264,1,0,0,1,1,8.549853973655786,0.0,128.0,360.0,1.0,2,1
265,1,0,0,1,0,8.31752199628717,8.145549631783584,151.0,360.0,1.0,3,1
266,1,1,1,1,0,8.457018468380168,7.23561914106675,150.0,360.0,1.0,2,1
267,1,1,1,1,0,8.374015421739909,7.502186486602925,160.0,360.0,0.0,1,1
268,0,0,0,1,0,8.136810863675537,0.0,135.0,360.0,1.0,3,0
269,0,0,1,1,0,7.964155718840937,7.353081920515432,90.0,360.0,1.0,1,1
270,0,0,0,1,0,8.082402253926244,0.0,30.0,360.0,1.0,1,1
271,1,1,0,1,0,9.318835968129482,0.0,136.0,360.0,1.0,1,1
272,1,0,0,1,0,7.949091499830517,7.527255919373784,126.0,360.0,1.0,3,1
273,1,1,0,1,0,7.8709295967551425,7.707062655370473,150.0,360.0,1.0,2,1
274,1,1,1,1,0,8.268731832117737,0.0,90.0,360.0,1.0,2,1
275,1,1,1,1,0,7.919356190660617,7.519149957669823,115.0,360.0,1.0,2,1
276,1,1,0,1,0,8.292298107063221,8.094073148069352,207.0,360.0,1.0,2,1
277,1,1,0,1,0,8.04012466444838,7.170888478512505,80.0,360.0,1.0,1,1
278,1,1,0,1,0,9.587611745713565,0.0,436.0,360.0,1.0,2,1
279,0,1,0,0,0,8.318742252692399,0.0,124.0,360.0,1.0,3,1
280,1,0,1,0,1,8.307212626628308,7.794411205726601,158.0,360.0,0.0,1,0
281,1,1,0,1,0,8.27563105457801,6.68586094706836,112.0,360.0,1.0,2,1
282,1,1,1,1,0,7.741099090035366,6.894467372292008,78.0,180.0,1.0,1,1
283,0,0,0,1,0,7.501634457883413,7.418780882750794,54.0,360.0,1.0,1,1
284,1,1,0,1,0,9.936293504261306,0.0,128.0,360.0,1.0,3,0
285,1,0,0,1,0,8.057694194815587,8.024207485778577,89.0,360.0,1.0,3,1
286,0,0,0,1,1,7.8632667240095735,7.4489161025442,99.0,300.0,1.0,2,0
287,1,1,0,1,0,8.21716859576607,7.601402334583733,120.0,360.0,1.0,3,1
288,0,0,0,1,0,8.32457884513685,0.0,115.0,360.0,1.0,2,1
289,1,0,0,1,0,9.159888828480085,0.0,187.0,360.0,1.0,3,1
290,1,1,0,1,0,8.031060180240619,7.790282380703483,139.0,360.0,1.0,3,1
291,1,1,1,1,0,8.389359819906353,0.0,127.0,360.0,0.0,2,0
292,1,1,1,1,0,8.056109659545061,7.353081920515432,134.0,360.0,1.0,1,1
293,0,0,0,1,0,8.597297435657898,0.0,143.0,480.0,0.0,1,0
294,1,1,0,1,0,7.776115477098742,8.112227958349724,172.0,360.0,1.0,2,1
295,1,1,1,1,0,8.392989587956931,7.1316985104669115,110.0,360.0,1.0,1,1
296,1,1,1,1,0,8.835646922534773,0.0,200.0,360.0,1.0,2,1
297,0,1,1,1,0,8.448057452581375,0.0,135.0,360.0,1.0,1,1
298,0,0,0,1,0,8.517193191416238,7.8407064517494,151.0,480.0,1.0,3,0
299,1,1,1,1,0,7.607878073278507,7.98139158158007,113.0,360.0,1.0,1,0
300,1,1,0,0,0,7.495541943884256,7.984462732262196,93.0,360.0,0.0,1,0
301,1,1,0,0,0,7.963807953231451,7.467942332285852,105.0,360.0,1.0,2,1
302,0,0,0,1,0,8.517193191416238,0.0,132.0,360.0,1.0,3,1
303,1,1,1,1,0,7.393263094763838,7.4977617006225685,96.0,360.0,1.0,1,1
304,1,0,0,1,0,8.294049640102028,7.824445930877619,140.0,360.0,1.0,3,1
305,1,0,0,0,0,7.600902459542082,0.0,128.0,360.0,1.0,1,0
306,0,0,0,1,0,8.232706009860976,7.418780882750794,135.0,360.0,1.0,3,1
307,0,0,0,1,0,7.783224016336037,7.530479995245536,104.0,360.0,0.0,1,0
308,1,0,0,1,0,9.915070213779195,0.0,480.0,360.0,1.0,3,0
309,1,1,1,0,0,8.944680683558895,0.0,185.0,360.0,1.0,3,1
310,0,0,0,1,0,7.978310969867722,0.0,84.0,360.0,1.0,2,1
311,1,0,0,0,0,7.9817332866918855,7.785720896534624,111.0,360.0,1.0,2,1
312,0,0,0,1,0,7.826842098158293,0.0,56.0,360.0,1.0,3,1
313,1,1,1,1,1,8.656259239539235,0.0,144.0,84.0,1.0,3,1
314,1,1,0,1,0,7.813187267521416,7.519692404116539,159.0,360.0,1.0,3,0
315,1,1,1,0,0,8.131236549696116,7.403061091090091,111.0,180.0,1.0,1,1
316,1,1,1,1,0,8.220672170297252,0.0,120.0,360.0,1.0,2,1
317,1,1,0,1,0,7.629489916393995,7.666221925662725,88.0,360.0,1.0,1,1
318,0,0,1,1,0,8.172164452111904,0.0,112.0,360.0,1.0,2,1
319,1,1,1,1,1,9.210340371976184,0.0,155.0,360.0,1.0,3,0
320,1,1,0,1,0,7.783224016336037,7.681560362559537,115.0,360.0,1.0,2,1
321,1,1,1,1,0,8.376090350438238,5.247024072160486,124.0,360.0,1.0,2,1
322,1,1,1,0,0,8.188966863648876,7.372118028337787,128.0,360.0,1.0,3,1
323,0,0,0,1,0,8.060224240440958,8.001689978099135,132.0,360.0,1.0,3,1
324,1,1,1,1,0,9.615805480084347,0.0,300.0,360.0,1.0,3,1
325,1,1,1,1,1,9.067162602299854,8.51398806046729,376.0,360.0,0.0,3,0
326,1,0,0,1,0,8.50045386741194,0.0,130.0,360.0,0.0,3,1
327,1,1,0,1,1,8.668711839055147,7.6783263565068856,184.0,360.0,1.0,2,1
328,0,1,0,1,0,8.374015421739909,7.804659297056102,110.0,360.0,1.0,1,0
329,0,0,0,1,0,7.824046010856292,0.0,67.0,360.0,1.0,1,1
330,1,0,1,1,0,8.385716828627851,7.492203042618741,117.0,360.0,1.0,1,1
331,1,0,0,1,0,7.984462732262196,0.0,98.0,360.0,1.0,2,1
332,1,0,0,1,0,7.949091499830517,0.0,71.0,360.0,1.0,1,1
334,1,1,1,1,1,9.193499354780156,7.51425465281641,182.0,180.0,1.0,1,1
335,1,1,0,1,1,8.613048677059759,8.409830673087738,70.0,360.0,1.0,2,1
336,1,1,1,1,0,8.565983355585669,6.535241271013659,160.0,360.0,1.0,3,1
337,1,1,1,1,1,7.824046010856292,8.434028950155469,176.0,360.0,1.0,3,1
338,0,0,1,0,0,7.512071245835466,0.0,128.0,360.0,0.0,1,0
339,0,0,0,1,0,8.333270353255308,0.0,71.0,360.0,1.0,2,1
340,1,1,1,0,0,7.881182202227102,7.370230641807081,173.0,360.0,1.0,3,0
341,0,0,0,1,0,7.774015077250727,0.0,46.0,360.0,1.0,3,0
342,1,1,1,0,0,8.423761246623686,7.114769448366463,158.0,360.0,1.0,1,1
343,1,1,1,0,0,8.062432791583195,0.0,74.0,360.0,1.0,2,1
344,1,1,1,1,0,7.8567067930958405,7.754052639035757,125.0,360.0,1.0,3,1
345,1,1,0,1,0,7.823645930834952,7.807510042216193,160.0,360.0,1.0,2,1
346,1,1,0,0,0,8.167068178341237,8.080546965824498,152.0,360.0,0.0,3,0
347,1,1,1,0,0,8.03365842788615,7.682021510826875,126.0,360.0,1.0,1,1
348,1,1,0,1,0,8.753529336516431,8.430327258394575,259.0,360.0,1.0,2,1
349,1,1,0,1,0,7.872836175025724,8.740496729931813,187.0,360.0,1.0,3,1
350,1,1,0,1,0,9.114159813502214,0.0,228.0,360.0,1.0,2,1
351,1,0,0,1,0,9.07680897935166,8.335191583433202,308.0,360.0,1.0,3,0
352,1,1,1,1,0,7.888334500738654,7.642044402873258,95.0,360.0,1.0,3,1
353,0,1,0,1,1,8.612503371220562,0.0,105.0,360.0,0.0,3,0
354,0,1,0,1,0,7.792761720816526,6.226536669287466,130.0,360.0,1.0,2,1
355,0,0,0,1,0,8.246171559857563,0.0,116.0,180.0,1.0,1,1
356,1,1,1,1,0,9.027978814382207,8.060855752934316,165.0,360.0,1.0,3,1
357,1,1,1,1,0,8.262300941787448,0.0,67.0,360.0,1.0,1,0
358,1,1,0,0,0,8.006367567650246,7.418780882750794,100.0,480.0,0.0,1,0
359,1,1,1,1,0,8.550047528287184,8.060855752934316,200.0,360.0,1.0,2,1
360,0,0,1,1,0,8.460199469896118,0.0,81.0,360.0,1.0,2,0
361,1,1,1,1,0,8.517193191416238,8.207401833376355,236.0,360.0,1.0,2,1
362,1,1,0,1,0,8.465899897028686,7.755338812846501,130.0,360.0,1.0,1,1
363,1,1,0,1,0,8.0106915391303,8.017637159908478,95.0,300.0,1.0,1,1
364,1,0,0,1,1,8.82790796297859,0.0,141.0,360.0,1.0,3,1
365,1,0,0,0,0,8.734881892047483,0.0,133.0,360.0,1.0,3,0
366,1,0,0,1,0,7.824046010856292,0.0,96.0,480.0,1.0,2,0
367,1,0,0,1,0,8.541690663016626,0.0,124.0,360.0,0.0,3,0
368,1,1,1,1,0,8.752265313595721,0.0,175.0,360.0,1.0,2,1
369,1,1,0,1,0,9.889895599016661,8.569216219483389,570.0,360.0,1.0,3,0
370,0,0,0,1,1,9.665166909622071,0.0,55.0,360.0,1.0,2,1
371,1,1,1,1,0,8.553525120663627,0.0,155.0,360.0,1.0,2,1
372,1,1,1,1,1,9.140239744296693,8.971321471503682,380.0,300.0,1.0,3,1
373,1,0,1,1,0,8.026823576217629,7.59488438721652,111.0,180.0,0.0,1,0
374,0,0,0,1,0,7.92443418488756,7.286191714702382,110.0,360.0,1.0,1,1
375,1,1,0,1,0,8.479906606630221,6.828712071641684,120.0,180.0,1.0,1,1
376,1,1,1,1,0,9.07680897935166,8.516593011344206,130.0,360.0,1.0,3,1
377,1,1,0,1,0,8.368693183097793,0.0,130.0,360.0,1.0,2,1
378,1,0,0,1,0,8.029107054619736,0.0,71.0,480.0,1.0,1,0
379,1,1,1,1,0,8.592486175451668,0.0,130.0,360.0,1.0,1,1
380,1,1,0,1,0,8.11162807830774,7.824445930877619,128.0,360.0,1.0,2,1
381,1,0,0,1,0,8.689632748355741,8.350666240520924,296.0,360.0,1.0,2,1
382,0,0,0,1,0,8.699514748210191,0.0,156.0,360.0,1.0,1,1
383,1,0,0,1,1,8.877242435993919,0.0,128.0,360.0,1.0,1,1
384,1,1,1,1,0,8.42639282708974,0.0,100.0,360.0,1.0,1,0
385,1,0,1,1,0,8.207129168071326,0.0,113.0,180.0,1.0,1,1
386,1,0,0,0,0,7.76046702921342,7.3783837129967145,132.0,360.0,1.0,2,1
387,1,1,0,0,0,8.009695357742922,8.051022208190679,128.0,360.0,0.0,1,0
388,1,1,0,1,0,7.75491027202143,7.790696031174738,136.0,360.0,1.0,1,1
389,1,1,0,1,0,8.610319169405722,0.0,125.0,360.0,1.0,3,1
390,1,0,1,1,0,9.123365357961776,0.0,185.0,360.0,1.0,3,1
391,1,1,1,1,0,9.159468041602427,0.0,275.0,360.0,1.0,3,1
392,1,1,0,1,0,7.8567067930958405,7.65728279297819,120.0,360.0,1.0,1,1
393,1,1,1,0,0,7.597396320212795,7.3938782901077555,113.0,180.0,1.0,2,1
394,1,1,1,1,0,8.039157390473237,7.244941546337007,113.0,360.0,1.0,1,1
395,1,1,1,1,0,8.09437844497296,6.184148890937483,135.0,360.0,1.0,2,1
396,0,0,0,1,0,8.064636475774222,0.0,71.0,360.0,0.0,1,0
397,1,1,0,1,0,8.017307507688582,7.286191714702382,95.0,360.0,1.0,1,1
398,1,0,0,0,0,8.269244521183056,7.418780882750794,109.0,360.0,1.0,3,1
399,0,0,0,1,0,7.313220387090301,7.496097345175956,103.0,360.0,0.0,2,0
400,1,1,1,0,0,7.968665700466235,0.0,45.0,180.0,0.0,1,0
401,1,0,0,0,0,7.9211727215870145,0.0,65.0,300.0,1.0,3,0
403,0,0,0,0,0,7.5822291942764615,0.0,53.0,360.0,1.0,2,1
404,0,0,0,1,1,8.914760527397261,0.0,194.0,360.0,1.0,3,0
405,0,0,0,1,0,8.42222295382501,0.0,115.0,360.0,1.0,2,1
406,1,1,0,0,0,7.681099001536359,7.783640596221253,115.0,360.0,1.0,1,1
407,0,0,0,0,0,7.70210434005105,0.0,66.0,360.0,1.0,3,1
408,1,1,1,1,0,9.02401079378469,0.0,152.0,300.0,0.0,2,0
410,0,0,1,0,1,8.260234291607297,0.0,62.0,360.0,1.0,2,0
411,1,1,0,1,0,8.741296282225147,0.0,160.0,360.0,1.0,1,1
412,1,1,0,0,0,8.715388097366482,0.0,218.0,360.0,0.0,3,0
413,1,1,0,0,0,7.720017940432244,7.617759576608505,110.0,360.0,1.0,3,1
414,0,1,0,0,0,7.67275789664251,8.08271113423758,178.0,360.0,0.0,2,0
415,0,0,0,1,0,8.00469951054955,0.0,60.0,360.0,1.0,1,1
416,0,0,1,1,0,7.8632667240095735,0.0,160.0,360.0,1.0,1,0
418,1,1,0,1,0,6.932447891572509,7.928045600874777,112.0,360.0,1.0,3,1
419,1,1,0,1,0,8.085178748074537,7.257002707092073,138.0,360.0,1.0,2,1
420,1,1,0,1,0,8.67060073804555,0.0,138.0,360.0,1.0,3,1
421,0,0,0,0,0,7.908387159290043,0.0,80.0,360.0,0.0,1,0
422,1,1,0,1,0,7.506591780070841,7.450079569807499,100.0,360.0,1.0,1,1
423,1,1,1,1,0,8.88875674784872,7.419380582918692,110.0,360.0,0.0,1,0
424,1,1,0,1,0,9.607773308387083,0.0,96.0,360.0,1.0,2,1
425,1,1,0,1,0,7.888334500738654,8.366602832783736,121.0,360.0,1.0,3,1
426,0,0,1,0,0,8.43511508038063,0.0,81.0,360.0,1.0,3,0
427,1,1,1,1,0,8.688622307043769,0.0,133.0,360.0,1.0,2,1
428,1,1,0,1,0,7.979338895262328,2.8402474197790153,87.0,360.0,1.0,3,1
429,1,0,0,0,0,7.907283609426348,0.0,60.0,180.0,1.0,1,1
430,0,0,1,1,1,9.06230429314878,0.0,150.0,360.0,1.0,2,1
431,1,0,0,1,0,8.779557455883728,0.0,105.0,360.0,0.0,3,0
432,1,0,0,1,0,9.463120392418698,0.0,405.0,360.0,1.0,2,1
433,1,1,0,1,0,7.793586803371584,7.75833346749091,143.0,360.0,1.0,2,1
434,1,0,0,1,0,8.229511118964457,0.0,100.0,360.0,1.0,1,1
435,0,1,0,1,0,9.215029361462314,0.0,128.0,240.0,1.0,2,1
436,1,0,0,1,0,7.563200592358071,7.524021415206125,50.0,360.0,1.0,2,1
437,1,1,0,1,0,7.70210434005105,7.026426808699636,128.0,360.0,1.0,1,1
438,1,0,0,1,1,9.251098364448351,0.0,187.0,360.0,0.0,1,0
439,0,1,0,0,1,8.873748128154395,0.0,138.0,360.0,1.0,3,1
440,1,0,0,1,0,8.205218426395412,8.530109416682784,187.0,360.0,1.0,2,1
441,1,1,0,1,0,8.974744612722734,7.51425465281641,180.0,360.0,1.0,3,1
442,1,0,1,0,0,8.456806041401142,7.597897950521784,148.0,360.0,1.0,2,1
444,1,1,0,1,0,8.9001399880938,9.0280988119824,175.0,300.0,1.0,3,1
445,1,1,1,1,1,8.150756470275551,7.099201743553092,130.0,360.0,1.0,3,1
446,1,1,1,0,0,8.445052513638554,0.0,110.0,360.0,1.0,3,1
447,1,1,0,1,0,8.171599480345463,7.227662498728655,55.0,360.0,1.0,3,0
448,1,1,1,1,0,8.113726085970747,7.444833273892193,150.0,360.0,0.0,3,0
449,1,0,1,0,1,7.926241523170962,7.341483852363161,190.0,360.0,1.0,2,0
450,1,1,1,0,0,7.744569809354496,7.135687347028144,125.0,360.0,0.0,3,0
451,1,1,1,0,0,7.579678823090456,7.284134806195205,60.0,300.0,1.0,1,1
452,1,1,0,1,0,8.280964400553373,7.458186157340487,149.0,360.0,0.0,3,0
453,1,1,0,1,0,7.817222785508166,7.810758116529357,90.0,180.0,0.0,3,1
454,1,0,0,1,1,8.865735152124781,0.0,84.0,360.0,1.0,2,1
455,1,1,1,1,0,8.258163361537619,0.0,96.0,360.0,1.0,2,1
456,1,1,0,1,0,8.366602832783736,0.0,118.0,360.0,1.0,1,1
457,1,1,0,1,0,8.218247926685745,7.851661177889265,173.0,360.0,1.0,1,0
458,1,0,1,1,0,8.378850241794492,0.0,136.0,360.0,1.0,3,1
459,1,1,0,1,0,9.0280988119824,0.0,160.0,360.0,1.0,2,0
460,1,1,0,1,1,7.641564441260972,8.314832179284556,160.0,360.0,1.0,2,1
461,1,1,1,1,0,8.954156966583772,0.0,128.0,180.0,1.0,1,1
462,1,1,0,1,0,8.011355109161286,7.691200097522863,153.0,360.0,1.0,3,1
463,0,0,1,0,0,8.55468163582723,0.0,132.0,360.0,1.0,2,1
464,1,0,0,1,0,8.334711621820917,0.0,98.0,360.0,0.0,2,0
465,1,0,0,1,0,8.699514748210191,0.0,140.0,360.0,1.0,3,1
466,1,1,1,0,0,7.988542982737695,7.417580402414544,70.0,180.0,0.0,1,0
467,1,1,0,1,0,9.722684841711443,0.0,110.0,360.0,1.0,2,1
468,0,1,1,0,0,5.3471075307174685,7.978653729082731,98.0,360.0,1.0,2,1
469,1,1,0,1,0,8.374015421739909,7.804659297056102,110.0,360.0,1.0,1,0
470,1,1,1,1,1,8.146129510025405,7.640123172695364,162.0,360.0,1.0,2,1
471,1,1,1,0,0,7.88344635413774,7.313886831633462,113.0,180.0,0.0,3,0
472,1,1,1,1,0,8.453401058328458,0.0,100.0,360.0,1.0,2,1
473,0,0,0,1,1,7.824046010856292,0.0,93.0,360.0,1.0,1,1
474,1,0,1,1,0,8.61830469278465,8.444407421690585,162.0,360.0,1.0,3,1
475,1,1,1,1,1,9.712629664719888,6.922643891475888,150.0,360.0,1.0,3,1
476,1,1,1,1,0,8.809862805379057,7.467942332285852,230.0,300.0,1.0,2,1
477,1,1,1,1,0,7.96311205897929,7.5352967024440884,132.0,360.0,0.0,2,0
478,1,1,1,1,1,9.721185995542177,7.719129840906732,86.0,360.0,1.0,2,1
479,1,1,1,1,0,7.988542982737695,7.38025578842646,128.0,360.0,1.0,1,0
480,0,0,0,0,0,8.37793112408273,0.0,154.0,360.0,1.0,3,1
481,1,1,1,0,0,8.037543185118697,0.0,113.0,360.0,1.0,3,1
482,1,1,0,1,0,7.641564441260972,8.055475141757274,128.0,360.0,1.0,2,1
483,1,1,0,1,0,9.290352309945568,0.0,234.0,360.0,1.0,2,1
484,1,1,1,1,0,9.027978814382207,0.0,246.0,360.0,1.0,2,1
485,1,1,1,0,0,7.579678823090456,7.798523053625206,131.0,360.0,1.0,3,1
486,1,0,1,1,0,8.173857454773621,0.0,80.0,360.0,0.0,3,0
487,1,1,1,1,0,9.816457993563025,0.0,500.0,360.0,1.0,1,0
488,1,1,1,1,1,8.430109084509125,7.642044402873258,160.0,360.0,1.0,2,1
489,1,0,0,1,0,7.79770203551669,0.0,75.0,360.0,1.0,1,0
490,1,0,0,0,0,7.900636613018005,7.932362154339751,96.0,360.0,1.0,2,1
491,1,1,1,0,0,8.581669210600602,7.0317412587631285,186.0,360.0,1.0,1,1
492,1,0,0,0,0,8.213652703029998,0.0,110.0,360.0,1.0,3,1
493,0,0,0,0,1,9.756320761816548,0.0,225.0,360.0,1.0,2,1
494,1,1,0,1,0,8.187855443695623,7.67693714581808,119.0,360.0,0.0,3,0
495,0,1,1,1,0,8.109525659752872,6.81783057145415,105.0,84.0,1.0,2,1
496,1,1,0,0,0,7.8632667240095735,7.438971592395862,107.0,360.0,1.0,3,1
497,1,1,0,1,0,8.439231649946526,7.957877358489813,111.0,12.0,1.0,1,1
498,1,1,1,1,1,7.970740390007095,0.0,95.0,360.0,1.0,2,1
499,1,0,0,1,0,8.745602852402946,8.393216011596527,209.0,360.0,0.0,3,0
500,0,0,0,1,0,6.4692503167957724,8.211754397375197,113.0,480.0,1.0,3,1
501,0,0,0,1,0,8.058010800802085,0.0,100.0,360.0,1.0,2,1
502,1,1,1,1,0,8.489821994620105,8.63497622707262,208.0,360.0,1.0,2,1
503,1,1,1,0,0,8.306472160100585,8.57602797713713,138.0,360.0,1.0,3,0
504,1,1,0,0,0,8.246433786160365,7.302496423727326,124.0,300.0,1.0,2,1
505,1,1,1,1,0,8.163371316459912,8.393216011596527,243.0,360.0,1.0,3,1
506,1,1,0,1,0,9.944293546928382,8.805075243870684,480.0,360.0,1.0,1,1
507,1,0,0,1,0,8.183955717304954,0.0,96.0,360.0,1.0,1,0
508,1,1,0,1,1,7.8156105320351905,8.01102337918644,188.0,360.0,1.0,1,1
509,0,0,1,1,0,9.492658081928813,0.0,40.0,360.0,1.0,1,1
510,1,0,0,0,0,8.188133414510478,7.160845906664299,100.0,360.0,1.0,3,0
511,1,1,1,1,0,8.71028982137815,7.60339933974067,250.0,360.0,1.0,2,1
512,1,1,1,1,0,8.096512917501594,7.618742377670413,148.0,360.0,1.0,1,1
513,1,1,0,1,0,7.6638772587034705,8.80492526261806,70.0,180.0,1.0,2,0
514,1,0,0,1,0,8.668196064952765,8.207129168071326,311.0,360.0,1.0,3,0
515,1,1,1,1,0,8.150756470275551,8.14002395246292,150.0,360.0,1.0,3,1
516,0,1,1,1,0,7.616283561580385,7.398174092970465,113.0,480.0,1.0,2,1
517,1,1,0,0,0,8.03073492409854,7.496097345175956,123.0,360.0,0.0,2,0
518,1,0,0,1,0,8.451694209183541,7.557994958530806,185.0,360.0,1.0,2,0
519,0,0,0,0,0,8.131530710604252,0.0,95.0,360.0,1.0,3,0
520,1,1,1,0,0,7.692569648067906,7.463363045520021,45.0,360.0,1.0,2,1
521,1,0,0,1,0,7.824046010856292,0.0,55.0,360.0,1.0,2,1
522,1,1,1,1,1,8.644178203170727,7.261927092702751,100.0,360.0,1.0,3,1
523,1,1,1,1,1,8.980675603671708,8.877242435993919,480.0,360.0,1.0,3,1
524,1,0,0,1,0,8.451053388911692,7.643961949002529,128.0,360.0,1.0,2,0
525,1,1,1,1,1,9.769956159911606,0.0,400.0,360.0,1.0,3,1
526,1,1,0,1,0,8.236155661683124,0.0,110.0,360.0,1.0,2,1
527,1,1,1,0,0,8.572627898304338,7.266128779556451,161.0,360.0,0.0,2,1
528,1,0,1,0,0,7.893198869544609,7.172424577124845,94.0,360.0,1.0,2,1
529,1,0,0,0,0,8.82217476094608,0.0,130.0,360.0,1.0,2,1
530,1,1,0,1,0,6.932447891572509,8.612685172875459,216.0,360.0,1.0,3,1
531,1,1,1,1,0,8.361941906144946,0.0,100.0,360.0,1.0,1,1
532,1,0,1,1,0,8.185350223178686,0.0,110.0,360.0,0.0,3,0
533,1,0,1,1,0,9.328123407632566,0.0,196.0,360.0,1.0,2,0
534,0,0,0,0,1,9.807251944655302,0.0,125.0,360.0,1.0,1,1
535,1,0,0,0,0,7.843848638152472,7.622174594817622,126.0,360.0,1.0,3,1
536,1,1,0,1,0,8.721439305625983,8.27052509505507,324.0,360.0,1.0,1,1
537,1,0,1,1,0,8.193400231952097,0.0,107.0,360.0,1.0,2,1
538,1,1,0,0,0,7.978310969867722,6.285998094508865,66.0,360.0,1.0,3,0
539,1,1,1,1,0,8.766705997750515,0.0,157.0,180.0,1.0,3,1
540,0,1,1,1,0,8.435549202375727,7.953669778649798,140.0,180.0,1.0,2,1
541,0,0,0,1,0,7.6676260915849905,0.0,99.0,360.0,0.0,2,0
542,0,0,1,1,0,8.20303024171486,0.0,95.0,360.0,1.0,2,1
543,1,1,1,0,0,7.713784616598755,7.83399634170946,128.0,360.0,1.0,1,1
544,0,1,0,0,0,8.012018239159062,6.498282149476434,102.0,360.0,1.0,2,1
545,1,1,0,1,0,7.92588031673756,7.576097340623111,155.0,360.0,1.0,3,1
546,1,0,0,0,0,8.119100837637486,0.0,80.0,36.0,1.0,2,0
547,1,0,0,1,0,7.8343923029104365,7.486613313139955,145.0,360.0,1.0,3,1
548,0,0,0,1,0,8.517193191416238,0.0,103.0,360.0,0.0,2,0
549,1,1,0,1,0,7.932003152361385,7.6093665379542115,110.0,360.0,1.0,3,1
550,1,1,1,1,1,8.799812469525556,0.0,128.0,360.0,0.0,3,0
551,1,1,1,0,0,7.820840879907344,7.773173680482536,128.0,360.0,1.0,3,1
552,1,1,1,1,0,8.11162807830774,8.086717920303906,158.0,360.0,1.0,1,1
553,1,1,0,0,0,7.805474625270857,7.755338812846501,181.0,360.0,0.0,1,0
554,1,1,0,1,0,8.186742787113518,8.358666283188,132.0,180.0,0.0,3,0
555,1,1,1,1,0,8.60666819784384,6.940222469119639,26.0,360.0,1.0,2,1
556,0,0,0,1,0,7.888709524182015,7.3938782901077555,84.0,360.0,1.0,1,1
557,1,1,1,1,1,9.22414465295258,0.0,260.0,360.0,1.0,2,1
558,1,1,0,1,0,8.265392930852224,7.8898337513942955,162.0,360.0,1.0,2,1
559,0,1,0,1,0,8.338066525518801,7.7437032581737535,182.0,360.0,1.0,2,1
560,1,1,1,0,0,8.209308411646937,5.493061443340548,108.0,360.0,1.0,2,1
561,0,1,1,1,1,9.877348894926433,0.0,600.0,360.0,1.0,2,1
562,1,1,0,1,0,8.686598356276965,7.628031126930335,211.0,360.0,1.0,3,1
563,1,0,0,0,1,8.66561319653451,0.0,132.0,360.0,1.0,2,1
564,1,1,1,1,0,9.08239335764556,0.0,258.0,360.0,0.0,1,0
565,1,1,0,0,0,8.404472321352118,0.0,120.0,360.0,1.0,3,1
566,1,0,0,1,0,8.11162807830774,0.0,70.0,360.0,1.0,1,1
567,1,1,1,1,0,8.131530710604252,7.824445930877619,123.0,360.0,0.0,3,0
568,0,0,0,1,0,7.774015077250727,0.0,9.0,360.0,1.0,1,0
569,1,1,0,1,0,8.060224240440958,7.632885505395133,104.0,360.0,0.0,1,0
570,1,1,1,1,0,8.136518252115291,7.467942332285852,186.0,360.0,1.0,1,1
571,1,1,0,1,0,8.540128162698734,7.280697195384741,165.0,360.0,0.0,1,0
572,1,1,1,1,0,9.721125994942152,0.0,275.0,360.0,1.0,1,1
573,1,1,1,0,0,8.720134035412928,7.3938782901077555,187.0,480.0,1.0,2,0
574,1,1,1,1,0,8.764990330169104,0.0,150.0,360.0,1.0,2,0
575,1,1,1,1,0,8.058010800802085,6.135564891081739,108.0,84.0,1.0,1,1
576,1,1,0,1,0,8.034955024502159,7.701200180857446,136.0,360.0,0.0,2,0
577,1,0,0,1,0,8.079927770758275,7.915713199382116,110.0,360.0,1.0,1,1
578,1,1,1,1,0,7.485491608030754,7.711101251840158,107.0,360.0,1.0,3,1
579,1,0,0,1,0,8.065265208897733,7.978653729082731,161.0,360.0,1.0,1,1
580,1,1,1,1,0,8.785692444451245,0.0,205.0,360.0,1.0,2,1
582,0,1,0,1,0,8.060224240440958,0.0,36.0,360.0,1.0,2,1
583,1,1,1,1,0,7.539027055823995,0.0,61.0,360.0,1.0,3,0
584,1,1,1,1,0,7.932721027481948,7.559038255443384,146.0,360.0,0.0,3,0
585,1,1,1,1,0,8.36240897761537,8.006700845440367,172.0,84.0,1.0,3,0
586,1,1,0,1,0,7.739359202689098,7.328437352895162,104.0,360.0,1.0,1,1
587,0,0,0,0,0,7.68017564043659,0.0,70.0,360.0,1.0,2,1
588,1,0,0,1,0,8.465899897028686,0.0,94.0,360.0,1.0,2,1
589,1,1,1,1,1,7.9105906122564775,0.0,106.0,360.0,0.0,2,0
590,1,1,0,1,0,8.006367567650246,8.136518252115291,56.0,180.0,1.0,2,1
591,1,1,1,1,1,8.699514748210191,0.0,205.0,240.0,1.0,2,0
592,1,0,1,1,1,9.143880005275912,0.0,292.0,360.0,1.0,2,1
593,1,1,0,1,0,8.258163361537619,8.101980731853192,142.0,180.0,1.0,3,1
594,1,1,0,1,1,9.68781601606062,0.0,260.0,360.0,1.0,1,1
595,1,0,0,0,0,8.251403065380556,0.0,110.0,360.0,1.0,3,1
596,1,1,1,0,1,8.761393485256058,6.90875477931522,187.0,360.0,1.0,3,0
597,1,0,0,1,0,8.00202481821611,0.0,88.0,360.0,0.0,2,0
598,1,1,0,1,1,9.206633510044856,0.0,180.0,360.0,1.0,3,1
599,1,1,1,1,0,8.662158961666423,0.0,192.0,360.0,1.0,1,1
601,1,1,0,0,0,7.970394907191429,7.934871565945176,155.0,360.0,1.0,3,1
602,1,1,1,1,0,8.648747631156539,0.0,128.0,360.0,1.0,1,1
603,1,0,0,1,0,8.209580483475577,8.366835309827675,172.0,360.0,1.0,3,1
604,0,1,1,1,0,9.392661928770137,0.0,496.0,360.0,1.0,2,1
605,1,1,0,0,0,7.783224016336037,8.24301946898925,128.0,180.0,1.0,1,0
606,1,1,1,1,0,8.131530710604252,7.824445930877619,173.0,360.0,1.0,2,1
607,1,1,1,0,0,8.290794347381356,7.252762418053187,157.0,360.0,1.0,3,1
608,1,1,0,1,0,8.080856419640986,7.576097340623111,108.0,360.0,1.0,3,1
609,0,0,0,1,0,7.9724660159745655,0.0,71.0,360.0,1.0,3,1
610,1,1,1,1,0,8.32020459757888,0.0,40.0,180.0,1.0,3,1
611,1,1,1,1,0,8.996156562033445,5.484796933490655,253.0,360.0,1.0,1,1
612,1,1,1,1,0,8.933664178700935,0.0,187.0,360.0,1.0,1,1
613,0,0,0,1,1,8.430109084509125,0.0,133.0,360.0,0.0,2,0
